x,y,z,rx,ry,rz
0.527871,0.242321,0.0480,-0.4,0.0,0.0
0.437871,0.242321,0.0480,-0.4,0.0,0.0
0.347871,0.242321,0.0480,-0.4,0.0,0.0
0.257871,0.242321,0.0480,-0.4,0.0,0.0
0.167871,0.242321,0.0480,-0.4,0.0,0.0
0.077871,0.242321,0.0480,-0.4,0.0,0.0
